stage,map,team,player_name,player_steam_id,opponent,r_1_cash,r_2_cash,r_3_cash,r_4_cash,r_5_cash,r_6_cash,r_7_cash,r_8_cash,r_9_cash,r_10_cash,r_11_cash,r_12_cash,r_13_cash,r_14_cash,r_15_cash,r_16_cash,r_17_cash,r_18_cash,r_19_cash,r_20_cash,r_21_cash,r_22_cash,r_23_cash,r_24_cash,r_25_cash,r_26_cash,r_27_cash,r_28_cash,r_29_cash,r_30_cash,r_31_cash,r_32_cash,r_33_cash,r_34_cash,r_35_cash,r_36_cash
Final,Dust2,FaZe Clan,Twistzz,76561198016255205,Team Vitality,800,2550,4700,3050,5850,4150,6750,7550,3600,4300,3650,4850,150,2050,2450,5350.0,,,,,,,,,,,,,,,,,,,,
Final,Dust2,FaZe Clan,broky,76561198201620490,Team Vitality,800,2400,5150,3150,6400,3800,7150,9050,5500,7100,3550,7150,100,2000,2450,5350.0,,,,,,,,,,,,,,,,,,,,
Final,Dust2,FaZe Clan,frozen,76561198068422762,Team Vitality,800,2550,4800,3800,5650,4150,5050,4000,4700,3200,4600,4550,150,2050,2450,4650.0,,,,,,,,,,,,,,,,,,,,
Final,Dust2,FaZe Clan,jcobbb,76561198178737429,Team Vitality,800,2550,5000,3450,5650,3750,5550,3850,4650,7450,5350,5300,800,2700,2500,4700.0,,,,,,,,,,,,,,,,,,,,
Final,Dust2,FaZe Clan,karrigan,76561197989430253,Team Vitality,800,2100,4250,3100,5950,3650,5450,3550,4350,6850,3600,5550,0,1900,2450,4650.0,,,,,,,,,,,,,,,,,,,,
Final,Dust2,Team Vitality,ZywOo,76561198113666193,FaZe Clan,800,3400,4000,7400,4550,6050,8450,5300,6000,3750,5400,3300,150,4850,3650,6850.0,,,,,,,,,,,,,,,,,,,,
Final,Dust2,Team Vitality,apEX,76561197989744167,FaZe Clan,800,3550,3600,6300,7700,6600,8300,7300,4200,3550,3300,2600,0,3500,3850,6950.0,,,,,,,,,,,,,,,,,,,,
Final,Dust2,Team Vitality,flameZ,76561197978835160,FaZe Clan,800,4900,3950,4250,5600,7000,6000,5000,4300,3950,3900,3200,150,3650,3650,6050.0,,,,,,,,,,,,,,,,,,,,
Final,Dust2,Team Vitality,mezii,76561197973140692,FaZe Clan,800,3400,3650,6350,9050,8100,8300,7300,5200,4250,3700,2200,150,3650,4200,7100.0,,,,,,,,,,,,,,,,,,,,
Final,Dust2,Team Vitality,ropz,76561197991272318,FaZe Clan,800,3250,3600,5700,4600,4800,6450,5050,6150,4700,3550,3750,150,3950,4100,6500.0,,,,,,,,,,,,,,,,,,,,
Final,Inferno,FaZe Clan,Twistzz,76561198016255205,Team Vitality,800,3700,3250,4600,2800,4500,3600,4700,2300,4400,3300,5550,150,4200,4500,4450.0,1550.0,1950.0,4150.0,3600.0,3800.0,4600.0,,,,,,,,,,,,,,
Final,Inferno,FaZe Clan,broky,76561198201620490,Team Vitality,800,3350,5850,5200,3750,3750,3850,5050,2150,4850,3250,5550,150,3900,4700,4250.0,1600.0,1950.0,4150.0,5500.0,2200.0,5600.0,,,,,,,,,,,,,,
Final,Inferno,FaZe Clan,frozen,76561198068422762,Team Vitality,800,4300,3850,4000,3200,5700,4400,5200,2200,4600,2900,5550,150,5100,4050,5400.0,1650.0,1900.0,4400.0,5150.0,5750.0,4400.0,,,,,,,,,,,,,,
Final,Inferno,FaZe Clan,jcobbb,76561198178737429,Team Vitality,800,4000,3250,4600,2300,5400,4000,5700,3000,4700,3000,5650,150,3900,3800,4300.0,3250.0,1950.0,4150.0,4200.0,4800.0,3600.0,,,,,,,,,,,,,,
Final,Inferno,FaZe Clan,karrigan,76561197989430253,Team Vitality,800,3350,3350,3950,3150,5050,3650,4450,1950,4350,3350,5900,0,4050,3850,5800.0,1700.0,2050.0,4850.0,3550.0,3200.0,4200.0,,,,,,,,,,,,,,
Final,Inferno,Team Vitality,ZywOo,76561198113666193,FaZe Clan,800,2200,2850,5200,3750,5500,4000,4650,5850,8350,10750,10350,150,2650,3300,5100.0,4000.0,6300.0,8350.0,7250.0,7250.0,8050.0,,,,,,,,,,,,,,
Final,Inferno,Team Vitality,apEX,76561197989744167,FaZe Clan,800,2050,2900,4000,3900,7300,4350,6450,5400,6600,10700,9250,100,2900,3600,4800.0,3500.0,6200.0,8600.0,7800.0,6800.0,7000.0,,,,,,,,,,,,,,
Final,Inferno,Team Vitality,flameZ,76561197978835160,FaZe Clan,800,2200,2550,5000,3650,5300,2000,5750,3650,5850,8650,10000,0,2500,3400,4600.0,3500.0,5400.0,7800.0,4400.0,6300.0,6500.0,,,,,,,,,,,,,,
Final,Inferno,Team Vitality,mezii,76561197973140692,FaZe Clan,800,2800,2600,5750,3650,4800,2500,5450,5350,5150,7650,11700,150,2650,3300,3500.0,4100.0,5650.0,8550.0,8100.0,7000.0,7400.0,,,,,,,,,,,,,,
Final,Inferno,Team Vitality,ropz,76561197991272318,FaZe Clan,800,2500,3200,4800,4500,4250,1950,5300,8900,7800,6400,9650,100,2600,3150,3550.0,3550.0,5950.0,8450.0,6250.0,4850.0,5050.0,,,,,,,,,,,,,,
Final,Nuke,FaZe Clan,Twistzz,76561198016255205,Team Vitality,800,4250,4050,3950,3900,4500,3650,4450,4550,3850,4250,3300,150,3650,6000,2850.0,4350.0,5200.0,4900.0,,,,,,,,,,,,,,,,,
Final,Nuke,FaZe Clan,broky,76561198201620490,Team Vitality,800,4000,3600,5000,3750,4650,3800,5200,7200,4800,2500,6050,150,3650,3600,4800.0,3700.0,4250.0,3600.0,,,,,,,,,,,,,,,,,
Final,Nuke,FaZe Clan,frozen,76561198068422762,Team Vitality,800,3700,4200,4600,3250,4050,5200,4100,3700,4100,2600,5850,150,4250,3500,5100.0,3750.0,2700.0,3500.0,,,,,,,,,,,,,,,,,
Final,Nuke,FaZe Clan,jcobbb,76561198178737429,Team Vitality,800,3400,4200,6700,5150,7450,3300,4600,6200,6900,2950,6400,150,4550,3550,3750.0,6650.0,2700.0,4100.0,,,,,,,,,,,,,,,,,
Final,Nuke,FaZe Clan,karrigan,76561197989430253,Team Vitality,800,3250,3650,5550,4500,5300,4350,4250,6650,3150,3650,5200,0,3500,3850,4450.0,4500.0,2750.0,5700.0,,,,,,,,,,,,,,,,,
Final,Nuke,Team Vitality,ZywOo,76561198113666193,FaZe Clan,800,2550,2500,5650,6550,5300,6750,3900,3500,6300,8750,9900,150,2050,4450,50.0,2250.0,3550.0,2350.0,,,,,,,,,,,,,,,,,
Final,Nuke,Team Vitality,apEX,76561197989744167,FaZe Clan,800,2100,2650,5100,3650,5950,8300,4050,3800,3900,7650,9200,0,1900,4300,100.0,2000.0,3500.0,1750.0,,,,,,,,,,,,,,,,,
Final,Nuke,Team Vitality,flameZ,76561197978835160,FaZe Clan,800,2250,2550,5200,3400,6100,3950,5450,3800,5300,8050,5700,800,2050,4450,2050.0,2050.0,3550.0,1750.0,,,,,,,,,,,,,,,,,
Final,Nuke,Team Vitality,mezii,76561197973140692,FaZe Clan,800,2550,3150,6200,3550,5650,6950,4850,3500,4750,8100,5050,150,2050,4450,450.0,2650.0,4450.0,1550.0,,,,,,,,,,,,,,,,,
Final,Nuke,Team Vitality,ropz,76561197991272318,FaZe Clan,800,2850,2850,5150,3550,5700,4050,3500,4300,3650,6300,7700,100,2600,4300,2500.0,3400.0,3900.0,2000.0,,,,,,,,,,,,,,,,,
Final,Overpass,FaZe Clan,Twistzz,76561198016255205,Team Vitality,800,2450,4900,3350,5050,3650,4550,3400,5200,3900,5750,3950,150,3700,2050,,,,,,,,,,,,,,,,,,,,,
Final,Overpass,FaZe Clan,broky,76561198201620490,Team Vitality,800,2150,4600,3050,6300,3550,6550,3400,6150,3700,5750,3500,100,3950,1450,,,,,,,,,,,,,,,,,,,,,
Final,Overpass,FaZe Clan,frozen,76561198068422762,Team Vitality,800,2450,4900,3450,6150,4300,4500,3550,4800,3850,4750,6150,150,4000,1450,,,,,,,,,,,,,,,,,,,,,
Final,Overpass,FaZe Clan,jcobbb,76561198178737429,Team Vitality,800,2150,4600,3000,5850,4100,5400,3950,5050,3600,5600,3850,150,3700,1400,,,,,,,,,,,,,,,,,,,,,
Final,Overpass,FaZe Clan,karrigan,76561197989430253,Team Vitality,800,2100,4250,3000,5850,4050,4750,3400,5300,4250,4850,3750,50,3300,1400,,,,,,,,,,,,,,,,,,,,,
Final,Overpass,Team Vitality,ZywOo,76561198113666193,FaZe Clan,800,3700,3700,4550,6900,9600,6300,4750,7150,10200,11400,14600,150,2100,4850,,,,,,,,,,,,,,,,,,,,,
Final,Overpass,Team Vitality,apEX,76561197989744167,FaZe Clan,800,3250,3250,6800,9150,8150,10600,10250,14050,16000,14700,13700,150,2100,4050,,,,,,,,,,,,,,,,,,,,,
Final,Overpass,Team Vitality,flameZ,76561197978835160,FaZe Clan,800,3400,4100,5250,8100,11800,13950,12400,15700,16000,15000,16000,150,2400,4850,,,,,,,,,,,,,,,,,,,,,
Final,Overpass,Team Vitality,mezii,76561197973140692,FaZe Clan,800,3650,4300,6650,8150,6850,9400,8150,10950,13800,16000,16000,100,2050,4250,,,,,,,,,,,,,,,,,,,,,
Final,Overpass,Team Vitality,ropz,76561197991272318,FaZe Clan,800,4600,3550,6700,5350,3950,7200,9250,12650,11300,11200,9800,150,2100,4450,,,,,,,,,,,,,,,,,,,,,
Quarterfinals,Dust2,Team Falcons,NiKo,76561198041683378,Team Spirit,800,2050,2550,6100,7750,10350,11950,14250,10500,7950,5400,5650,150,4000,3550,3700.0,7100.0,4600.0,1900.0,4600.0,3500.0,4850.0,3300.0,4100.0,10000.0,7700.0,3250.0,4050.0,,,,,,,,
Quarterfinals,Dust2,Team Falcons,TeSeS,76561197996678278,Team Spirit,800,1900,3000,5600,3550,5350,7650,10150,9100,5300,2550,5650,100,3350,3450,5800.0,7150.0,5650.0,2750.0,5150.0,3550.0,4950.0,3700.0,4500.0,10000.0,8000.0,5600.0,4750.0,,,,,,,,
Quarterfinals,Dust2,Team Falcons,kyousuke,76561199032006224,Team Spirit,800,2050,2900,6300,7350,10050,13650,13750,11700,7100,5050,7850,150,3700,3550,4700.0,6100.0,7000.0,2350.0,4750.0,3050.0,5400.0,4450.0,3250.0,10000.0,8000.0,5600.0,5150.0,,,,,,,,
Quarterfinals,Dust2,Team Falcons,kyxsan,76561198057282432,Team Spirit,800,2050,2600,6150,3900,6100,8800,10200,10750,7500,2550,5250,0,3550,4250,3700.0,5100.0,5300.0,2700.0,4800.0,3200.0,4750.0,3600.0,2900.0,10000.0,8300.0,6500.0,10000.0,,,,,,,,
Quarterfinals,Dust2,Team Falcons,m0NESY,76561198074762801,Team Spirit,800,2050,3250,7600,3800,6600,9400,11400,11850,6400,3400,5850,150,4000,4250,6100.0,3750.0,4650.0,2100.0,4500.0,3000.0,4750.0,3900.0,3300.0,10000.0,5650.0,3250.0,2900.0,,,,,,,,
Quarterfinals,Dust2,Team Spirit,chopper,76561198045898864,Team Falcons,800,3350,3450,2850,250,2450,5050,3650,4750,6500,6450,6200,0,1950,2650,5350.0,3800.0,3850.0,4850.0,6050.0,9150.0,8450.0,4600.0,3750.0,10000.0,8650.0,7050.0,10000.0,,,,,,,,
Quarterfinals,Dust2,Team Spirit,donk,76561198386265483,Team Falcons,800,4300,3850,4250,1950,2450,4300,3700,6150,6300,6750,7750,150,2100,3100,4700.0,3500.0,6250.0,6850.0,6950.0,9250.0,5600.0,7050.0,3700.0,10000.0,8750.0,9550.0,5100.0,,,,,,,,
Quarterfinals,Dust2,Team Spirit,sh1ro,76561198081484775,Team Falcons,800,3250,4200,5500,2000,2700,5600,3500,7050,5800,8450,7750,150,2100,2850,5850.0,3650.0,7600.0,9900.0,11750.0,9900.0,10700.0,8050.0,4300.0,10000.0,6800.0,7800.0,4250.0,,,,,,,,
Quarterfinals,Dust2,Team Spirit,tN1R,76561198872013168,Team Falcons,800,3700,4500,3000,100,2500,4700,3400,5200,3950,5100,2900,150,2100,2900,5400.0,3850.0,6500.0,5450.0,6950.0,8250.0,6150.0,5000.0,3650.0,10000.0,8550.0,6300.0,9000.0,,,,,,,,
Quarterfinals,Dust2,Team Spirit,zweih,76561198210626739,Team Falcons,800,4000,3300,2650,50,2450,4650,3450,4900,5950,7000,7000,150,2400,2650,5150.0,3900.0,5050.0,5650.0,5250.0,7950.0,6750.0,6700.0,4700.0,10000.0,9400.0,8600.0,5100.0,,,,,,,,
Quarterfinals,Dust2,Team Vitality,ZywOo,76561198113666193,The MongolZ,800,3700,2150,3600,4850,7700,9000,4050,6300,5400,6250,4750,150,4250,3850,6550.0,7450.0,,,,,,,,,,,,,,,,,,,
Quarterfinals,Dust2,Team Vitality,apEX,76561197989744167,The MongolZ,800,3950,1450,3250,3350,6300,2900,3000,5350,4350,4450,3850,0,3500,3850,6350.0,9350.0,,,,,,,,,,,,,,,,,,,
Quarterfinals,Dust2,Team Vitality,flameZ,76561197978835160,The MongolZ,800,3700,2550,3650,3700,6350,7150,4450,4300,5700,4150,3950,150,3650,3600,7200.0,9300.0,,,,,,,,,,,,,,,,,,,
Quarterfinals,Dust2,Team Vitality,mezii,76561197973140692,The MongolZ,800,3650,1550,3850,3700,6450,7850,2250,5300,4000,5250,4950,0,3500,5450,7850.0,10950.0,,,,,,,,,,,,,,,,,,,
Quarterfinals,Dust2,Team Vitality,ropz,76561197991272318,The MongolZ,800,3700,300,3550,3600,5950,7350,4350,6450,4800,3650,6450,150,4550,3600,6600.0,5150.0,,,,,,,,,,,,,,,,,,,
Quarterfinals,Dust2,The MongolZ,910,76561199203563345,Team Vitality,800,2500,5350,1700,1950,4700,3850,4950,5250,2400,4900,3300,150,2000,4400,3200.0,3700.0,,,,,,,,,,,,,,,,,,,
Quarterfinals,Dust2,The MongolZ,Mzinho,76561198838822582,Team Vitality,800,2200,3750,3350,2050,4500,4850,3600,4800,2250,4850,3500,150,2350,4050,2950.0,3450.0,,,,,,,,,,,,,,,,,,,
Quarterfinals,Dust2,The MongolZ,Techno4K,76561198966340160,Team Vitality,800,2800,3600,1950,2050,4500,3500,4100,4900,2100,4400,3200,150,2050,4450,2950.0,3550.0,,,,,,,,,,,,,,,,,,,
Quarterfinals,Dust2,The MongolZ,bLitz,76561198959824088,Team Vitality,800,2050,3500,2350,2000,4450,3600,4900,5900,2100,4700,3350,100,2300,4000,2900.0,3800.0,,,,,,,,,,,,,,,,,,,
Quarterfinals,Dust2,The MongolZ,controlez,76561198362438171,Team Vitality,800,2200,3450,2350,1900,4350,3500,6000,2000,2750,5650,3100,150,2050,3750,2950.0,3850.0,,,,,,,,,,,,,,,,,,,
Quarterfinals,Inferno,FURIA Esports,FalleN,76561197960690195,Natus Vincere,800,3650,1600,2050,2450,4150,7550,3450,1950,3700,4300,3800,0,2600,3800,3900.0,6200.0,5200.0,5000.0,6850.0,6750.0,10050.0,7600.0,3750.0,10000.0,7000.0,4700.0,10000.0,9300.0,,,,,,,
Quarterfinals,Inferno,FURIA Esports,KSCERATO,76561198058500492,Natus Vincere,800,3300,1450,1950,4050,6150,4750,3950,3450,3200,4700,3700,150,2150,3450,5750.0,4250.0,7600.0,5900.0,5350.0,8150.0,11100.0,7350.0,3850.0,6150.0,6550.0,8950.0,10000.0,8600.0,,,,,,,
Quarterfinals,Inferno,FURIA Esports,YEKINDAR,76561198134401925,Natus Vincere,800,4300,1400,2100,3850,5200,3800,2600,2200,3800,5150,3450,150,2150,3700,3650.0,5400.0,8050.0,5950.0,9100.0,10000.0,7950.0,6800.0,3150.0,10000.0,7150.0,5350.0,10000.0,9200.0,,,,,,,
Quarterfinals,Inferno,FURIA Esports,molodoy,76561198200982290,Natus Vincere,800,3400,1800,2250,3800,5600,8200,8200,5500,3700,2950,3750,150,2150,3650,3900.0,5100.0,6550.0,7550.0,8200.0,10600.0,13150.0,7150.0,2050.0,10000.0,5300.0,7900.0,10000.0,6550.0,,,,,,,
Quarterfinals,Inferno,FURIA Esports,yuurih,76561198164970560,Natus Vincere,800,4000,1700,2300,4300,6000,4600,3400,4900,3300,4000,3400,0,2000,3700,5500.0,4200.0,6750.0,4950.0,7300.0,9900.0,12550.0,8600.0,5050.0,10000.0,6550.0,4450.0,10000.0,8700.0,,,,,,,
Quarterfinals,Inferno,FaZe Clan,Twistzz,76561198016255205,MOUZ,800,5050,4550,4400,5650,2000,4150,6300,6750,4250,3850,3950,150,3400,3600,,,,,,,,,,,,,,,,,,,,,
Quarterfinals,Inferno,FaZe Clan,broky,76561198201620490,MOUZ,800,3900,4700,4250,5500,5750,3550,5900,8350,4650,3850,5050,150,4000,4550,,,,,,,,,,,,,,,,,,,,,
Quarterfinals,Inferno,FaZe Clan,frozen,76561198068422762,MOUZ,800,4500,4200,6450,3850,4800,4250,6000,9450,6850,4800,4400,150,4000,3900,,,,,,,,,,,,,,,,,,,,,
Quarterfinals,Inferno,FaZe Clan,jcobbb,76561198178737429,MOUZ,800,3900,3800,5150,3900,4950,3550,5950,4800,3700,4100,5000,150,3700,3550,,,,,,,,,,,,,,,,,,,,,
Quarterfinals,Inferno,FaZe Clan,karrigan,76561197989430253,MOUZ,800,3750,4350,4550,4300,4650,3800,4800,5850,5150,4500,3500,0,3550,3300,,,,,,,,,,,,,,,,,,,,,
Quarterfinals,Inferno,MOUZ,Brollan,76561198138828475,FaZe Clan,800,2600,3300,5350,3950,4950,2950,5050,4150,3400,3600,3800,150,2050,2600,,,,,,,,,,,,,,,,,,,,,
Quarterfinals,Inferno,MOUZ,Jimpphat,76561198855375325,FaZe Clan,800,2650,3300,5450,3750,5150,6300,6000,5200,3650,3650,3550,800,2050,2650,,,,,,,,,,,,,,,,,,,,,
Quarterfinals,Inferno,MOUZ,Spinx,76561198063336407,FaZe Clan,800,2950,3150,5300,3800,5200,3200,5800,4900,3750,3850,3850,0,1900,2700,,,,,,,,,,,,,,,,,,,,,
Quarterfinals,Inferno,MOUZ,torzsi,76561198355739212,FaZe Clan,800,2650,3650,6800,250,4000,6000,5300,5100,3550,4950,3550,150,2050,3200,,,,,,,,,,,,,,,,,,,,,
Quarterfinals,Inferno,MOUZ,xertioN,76561198193174134,FaZe Clan,800,2650,3050,5100,3600,4650,2950,4200,4000,4450,4050,3450,150,2050,2950,,,,,,,,,,,,,,,,,,,,,
Quarterfinals,Inferno,Natus Vincere,Aleksib,76561198013243326,FURIA Esports,800,2450,3550,4150,6150,1950,3100,3900,6150,7600,5900,6800,100,3650,1600,1950.0,4650.0,3950.0,5500.0,400.0,3800.0,5950.0,4100.0,5200.0,10000.0,8400.0,8400.0,10000.0,5850.0,,,,,,,
Quarterfinals,Inferno,Natus Vincere,b1t,76561198246607476,FURIA Esports,800,2150,4450,5250,4750,5000,1950,3750,6400,8750,11450,11350,800,4000,350,1950.0,4350.0,3650.0,4850.0,450.0,3450.0,5550.0,4200.0,4600.0,10000.0,8900.0,9100.0,10000.0,6750.0,,,,,,,
Quarterfinals,Inferno,Natus Vincere,iM,76561198050250233,FURIA Esports,800,2000,3800,3900,5600,6650,3400,3550,6500,6950,9750,9650,150,3700,2150,2050.0,4450.0,5050.0,4750.0,3550.0,3450.0,5800.0,4550.0,6250.0,10000.0,8700.0,5300.0,10000.0,6350.0,,,,,,,
Quarterfinals,Inferno,Natus Vincere,makazze,76561199076189612,FURIA Esports,800,2300,3500,4500,6900,7150,2050,4200,6850,5700,4300,5800,100,3950,1550,2300.0,4700.0,3500.0,4800.0,3500.0,3700.0,6200.0,4550.0,3950.0,9000.0,9500.0,8350.0,10000.0,6750.0,,,,,,,
Quarterfinals,Inferno,Natus Vincere,w0nderful,76561199063068840,FURIA Esports,800,2000,4650,5650,4750,4000,2100,4850,7100,8800,11200,7250,100,3350,50,2550.0,4250.0,3550.0,6050.0,0.0,3400.0,5600.0,4950.0,5550.0,10000.0,8600.0,4900.0,10000.0,5350.0,,,,,,,
Quarterfinals,Mirage,FURIA Esports,FalleN,76561197960690195,Natus Vincere,800,2050,2550,5000,1300,4500,4100,4250,1900,4300,3050,5400,100,2000,4200,3250.0,3050.0,2500.0,,,,,,,,,,,,,,,,,,
Quarterfinals,Mirage,FURIA Esports,KSCERATO,76561198058500492,Natus Vincere,800,2800,3100,6350,1300,4900,4100,5350,1900,4300,3750,5300,100,2000,4400,3350.0,2250.0,2750.0,,,,,,,,,,,,,,,,,,
Quarterfinals,Mirage,FURIA Esports,YEKINDAR,76561198134401925,Natus Vincere,800,2200,2600,4850,50,3850,5350,1950,2050,4450,3100,5250,150,2050,4250,3300.0,3000.0,3050.0,,,,,,,,,,,,,,,,,,
Quarterfinals,Mirage,FURIA Esports,molodoy,76561198200982290,Natus Vincere,800,2200,3050,5300,0,3500,3950,3200,2100,4500,3150,5650,150,2350,4050,4500.0,3200.0,2500.0,,,,,,,,,,,,,,,,,,
Quarterfinals,Mirage,FURIA Esports,yuurih,76561198164970560,Natus Vincere,800,2500,2500,4750,4150,4200,3500,3750,2050,4450,3100,4950,150,2050,4450,3900.0,1900.0,2500.0,,,,,,,,,,,,,,,,,,
Quarterfinals,Mirage,Natus Vincere,Aleksib,76561198013243326,FURIA Esports,800,3350,3350,6300,6500,2850,4550,3600,3250,5600,8750,11000,150,3950,4200,5250.0,3650.0,5700.0,,,,,,,,,,,,,,,,,,
Quarterfinals,Mirage,Natus Vincere,b1t,76561198246607476,FURIA Esports,800,3400,5700,6250,3950,1950,4350,4600,4250,6800,10450,13800,150,3950,3900,4450.0,3550.0,5650.0,,,,,,,,,,,,,,,,,,
Quarterfinals,Mirage,Natus Vincere,iM,76561198050250233,FURIA Esports,800,3400,3350,4400,200,2000,4700,3250,5200,8950,11700,10650,0,3800,3850,5100.0,4200.0,3500.0,,,,,,,,,,,,,,,,,,
Quarterfinals,Mirage,Natus Vincere,makazze,76561199076189612,FURIA Esports,800,3700,3700,5050,350,2550,4250,3600,3850,6400,9750,8100,150,3950,4500,2450.0,3750.0,5750.0,,,,,,,,,,,,,,,,,,
Quarterfinals,Mirage,Natus Vincere,w0nderful,76561199063068840,FURIA Esports,800,4450,3900,3850,3650,2050,3750,3800,4950,7000,10350,12800,150,3950,3900,4150.0,4700.0,3500.0,,,,,,,,,,,,,,,,,,
Quarterfinals,Mirage,Team Vitality,ZywOo,76561198113666193,The MongolZ,800,3900,1500,2250,4650,3550,5300,3800,4700,4300,6250,6700,150,4300,4550,7700.0,4500.0,4500.0,,,,,,,,,,,,,,,,,,
Quarterfinals,Mirage,Team Vitality,apEX,76561197989744167,The MongolZ,800,3750,1800,2050,4450,3900,5700,2100,3900,5400,7600,8850,0,3550,3300,4650.0,3500.0,4900.0,,,,,,,,,,,,,,,,,,
Quarterfinals,Mirage,Team Vitality,flameZ,76561197978835160,The MongolZ,800,3900,1750,1950,4350,4200,5150,4950,4550,3650,5050,5800,100,3350,3850,4450.0,3900.0,4100.0,,,,,,,,,,,,,,,,,,
Quarterfinals,Mirage,Team Vitality,mezii,76561197973140692,The MongolZ,800,5250,1550,1950,4350,5450,4600,2500,4050,4150,5850,6100,150,3700,3550,3600.0,5350.0,4050.0,,,,,,,,,,,,,,,,,,
Quarterfinals,Mirage,Team Vitality,ropz,76561197991272318,The MongolZ,800,4200,1800,1950,4350,3850,4400,5200,3900,5400,5800,7350,150,3700,3850,4000.0,4050.0,3850.0,,,,,,,,,,,,,,,,,,
Quarterfinals,Mirage,The MongolZ,910,76561199203563345,Team Vitality,800,2650,3850,4450,8250,8750,4700,3350,3350,1950,4350,3400,150,2250,2600,5700.0,3900.0,3600.0,,,,,,,,,,,,,,,,,,
Quarterfinals,Mirage,The MongolZ,Mzinho,76561198838822582,Team Vitality,800,3550,3650,5050,5350,5350,3850,4600,2900,2000,4400,4150,150,2550,3150,5550.0,3650.0,4250.0,,,,,,,,,,,,,,,,,,
Quarterfinals,Mirage,The MongolZ,Techno4K,76561198966340160,Team Vitality,800,2950,4250,3950,6350,7250,5250,3400,3050,2350,4750,3400,150,3150,2600,5300.0,3700.0,4300.0,,,,,,,,,,,,,,,,,,
Quarterfinals,Mirage,The MongolZ,bLitz,76561198959824088,Team Vitality,800,2500,4100,4600,6200,6700,4300,4150,2450,2250,4250,3600,0,2100,2550,5400.0,4100.0,3600.0,,,,,,,,,,,,,,,,,,
Quarterfinals,Mirage,The MongolZ,controlez,76561198362438171,Team Vitality,800,2650,3650,4550,8050,8850,6750,3550,2050,2000,4400,3850,150,2250,3800,3350.0,3600.0,3900.0,,,,,,,,,,,,,,,,,,
Quarterfinals,Nuke,FaZe Clan,Twistzz,76561198016255205,MOUZ,800,3250,3800,4250,6650,7750,4050,4750,3400,2700,3950,4200,150,2500,5050,3050.0,150.0,4050.0,3900.0,6400.0,4250.0,3500.0,5350.0,3950.0,,,,,,,,,,,,
Quarterfinals,Nuke,FaZe Clan,broky,76561198201620490,MOUZ,800,4000,3600,6050,9150,6950,5650,1500,4150,1950,3900,3450,150,2800,5050,2900.0,300.0,4000.0,3750.0,5150.0,7550.0,3700.0,3700.0,5600.0,,,,,,,,,,,,
Quarterfinals,Nuke,FaZe Clan,frozen,76561198068422762,MOUZ,800,3700,3850,6400,5300,3000,4600,3800,3250,2450,4300,3550,150,2200,5350,3400.0,2100.0,5500.0,3700.0,5900.0,4600.0,3450.0,5400.0,8900.0,,,,,,,,,,,,
Quarterfinals,Nuke,FaZe Clan,jcobbb,76561198178737429,MOUZ,800,4000,5200,8150,7050,5800,5000,1500,3400,1400,3400,5100,150,2200,4750,2950.0,1150.0,5050.0,3800.0,5700.0,4000.0,3500.0,4650.0,4400.0,,,,,,,,,,,,
Quarterfinals,Nuke,FaZe Clan,karrigan,76561197989430253,MOUZ,800,3550,4150,6300,5300,6100,5100,5400,4100,2100,3300,4450,0,2050,4600,2950.0,850.0,4450.0,4600.0,4900.0,3650.0,3500.0,5950.0,4150.0,,,,,,,,,,,,
Quarterfinals,Nuke,MOUZ,Brollan,76561198138828475,FaZe Clan,500,1900,2550,5850,4800,4100,6600,5350,4800,3650,4400,2600,0,4450,3900,3500.0,2000.0,5350.0,5300.0,7200.0,7950.0,4550.0,2050.0,4450.0,,,,,,,,,,,,
Quarterfinals,Nuke,MOUZ,Jimpphat,76561198855375325,FaZe Clan,800,2050,2600,5350,3700,5350,3350,5850,7100,3850,4800,2700,150,3400,3550,3650.0,6250.0,9500.0,7850.0,6450.0,5100.0,2700.0,4000.0,4750.0,,,,,,,,,,,,
Quarterfinals,Nuke,MOUZ,Spinx,76561198063336407,FaZe Clan,800,2050,2500,4950,3650,5950,4100,4150,5600,5050,5450,3150,0,3250,3450,4750.0,6050.0,10200.0,9450.0,6850.0,7900.0,4400.0,4100.0,3100.0,,,,,,,,,,,,
Quarterfinals,Nuke,MOUZ,torzsi,76561198355739212,FaZe Clan,800,2050,2800,5850,3900,4350,4650,4550,4600,3650,4200,2900,150,3400,3350,5050.0,7850.0,4550.0,5700.0,6800.0,9250.0,4500.0,3700.0,4750.0,,,,,,,,,,,,
Quarterfinals,Nuke,MOUZ,xertioN,76561198193174134,FaZe Clan,800,2050,2850,6200,3550,4900,3900,4700,6250,4550,6100,2650,150,4000,3850,4150.0,5100.0,8350.0,7300.0,6000.0,8650.0,5250.0,2350.0,3750.0,,,,,,,,,,,,
Quarterfinals,Nuke,Team Falcons,NiKo,76561198041683378,Team Spirit,800,3250,3700,1700,3100,4800,3100,4700,3800,4750,3400,6350,150,2100,2550,4900.0,3800.0,,,,,,,,,,,,,,,,,,,
Quarterfinals,Nuke,Team Falcons,TeSeS,76561197996678278,Team Spirit,800,3400,3400,2600,2600,5000,3000,4650,3550,5200,3850,6500,150,2100,2550,5500.0,3500.0,,,,,,,,,,,,,,,,,,,
Quarterfinals,Nuke,Team Falcons,kyousuke,76561199032006224,Team Spirit,800,4000,4150,1850,2650,4350,3250,5000,3800,5000,3950,7500,150,2400,3200,4950.0,3500.0,,,,,,,,,,,,,,,,,,,
Quarterfinals,Nuke,Team Falcons,kyxsan,76561198057282432,Team Spirit,800,3250,3550,1800,2950,4750,3050,4800,3400,4550,3400,7050,0,1950,2600,5050.0,3500.0,,,,,,,,,,,,,,,,,,,
Quarterfinals,Nuke,Team Falcons,m0NESY,76561198074762801,Team Spirit,800,4600,4800,2500,2650,5050,3450,5500,4400,6150,3550,6100,150,2100,2900,5950.0,3500.0,,,,,,,,,,,,,,,,,,,
Quarterfinals,Nuke,Team Spirit,chopper,76561198045898864,Team Falcons,800,2100,2600,3600,5850,4150,6350,7850,10050,8650,8950,5950,50,3600,5500,8150.0,6900.0,,,,,,,,,,,,,,,,,,,
Quarterfinals,Nuke,Team Spirit,donk,76561198386265483,Team Falcons,800,2550,3200,4100,3950,5950,8650,12050,14850,14950,15050,11450,150,4300,4200,8150.0,3250.0,,,,,,,,,,,,,,,,,,,
Quarterfinals,Nuke,Team Spirit,sh1ro,76561198081484775,Team Falcons,800,2250,4600,4250,7550,7650,10750,8400,10800,13700,13800,8450,100,3650,3750,5000.0,7850.0,,,,,,,,,,,,,,,,,,,
Quarterfinals,Nuke,Team Spirit,tN1R,76561198872013168,Team Falcons,800,2850,3750,3550,5950,9250,11550,13950,11850,12650,12950,9350,150,3700,4150,6500.0,5750.0,,,,,,,,,,,,,,,,,,,
Quarterfinals,Nuke,Team Spirit,zweih,76561198210626739,Team Falcons,800,2550,2600,5350,3900,5000,7400,10900,14800,13600,8900,5300,150,3400,3600,3450.0,4800.0,,,,,,,,,,,,,,,,,,,
Quarterfinals,Train,FURIA Esports,FalleN,76561197960690195,Natus Vincere,800,2100,2850,5450,3550,3650,3700,3450,4200,3600,5350,3700,150,2050,2450,4200.0,,,,,,,,,,,,,,,,,,,,
Quarterfinals,Train,FURIA Esports,KSCERATO,76561198058500492,Natus Vincere,800,2850,3150,5850,4550,3100,3000,4950,3850,3600,5300,3900,150,2050,2450,4000.0,,,,,,,,,,,,,,,,,,,,
Quarterfinals,Train,FURIA Esports,YEKINDAR,76561198134401925,Natus Vincere,800,2550,2700,4550,3500,3800,3050,4950,3450,5300,4000,3650,0,1900,2500,3650.0,,,,,,,,,,,,,,,,,,,,
Quarterfinals,Train,FURIA Esports,molodoy,76561198200982290,Natus Vincere,800,2250,3100,5400,4250,2750,3950,4200,3500,3800,5750,3700,150,2350,3000,3450.0,,,,,,,,,,,,,,,,,,,,
Quarterfinals,Train,FURIA Esports,yuurih,76561198164970560,Natus Vincere,800,2550,3200,5400,3700,4900,3300,4450,6700,4350,5300,3900,150,2050,2450,3300.0,,,,,,,,,,,,,,,,,,,,
Quarterfinals,Train,Natus Vincere,Aleksib,76561198013243326,FURIA Esports,800,4550,3300,4350,3350,3700,5000,3600,7000,7800,6250,9350,0,3500,3650,4550.0,,,,,,,,,,,,,,,,,,,,
Quarterfinals,Train,Natus Vincere,b1t,76561198246607476,FURIA Esports,800,3400,3700,3950,4650,4150,6200,9300,12100,14650,13000,16000,150,3650,3600,4100.0,,,,,,,,,,,,,,,,,,,,
Quarterfinals,Train,Natus Vincere,iM,76561198050250233,FURIA Esports,800,3650,3400,4750,1750,3550,5850,8350,10000,11350,10000,8900,150,4250,3850,4050.0,,,,,,,,,,,,,,,,,,,,
Quarterfinals,Train,Natus Vincere,makazze,76561199076189612,FURIA Esports,800,3400,3250,3250,2050,3800,5100,7700,6700,9350,9900,12450,150,4550,4750,2550.0,,,,,,,,,,,,,,,,,,,,
Quarterfinals,Train,Natus Vincere,w0nderful,76561199063068840,FURIA Esports,800,3650,4900,5450,5750,3600,4300,6900,9700,12250,12900,15100,150,3650,3600,2400.0,,,,,,,,,,,,,,,,,,,,
Semifinals,Ancient,FaZe Clan,Twistzz,76561198016255205,Natus Vincere,800,4500,1650,2000,4450,3050,3600,4450,5850,4450,7450,4600,150,3700,4650,5700.0,5800.0,2800.0,,,,,,,,,,,,,,,,,,
Semifinals,Ancient,FaZe Clan,broky,76561198201620490,Natus Vincere,800,4200,1400,2000,4750,3050,3500,3550,6050,3800,6000,6400,100,3350,4000,3750.0,5850.0,2950.0,,,,,,,,,,,,,,,,,,
Semifinals,Ancient,FaZe Clan,frozen,76561198068422762,Natus Vincere,800,4200,1400,2050,4500,3200,4350,3450,4850,3550,5450,6650,150,4300,3800,6550.0,8250.0,5250.0,,,,,,,,,,,,,,,,,,
Semifinals,Ancient,FaZe Clan,jcobbb,76561198178737429,Natus Vincere,800,4500,1500,2250,4700,3000,4100,3550,5200,3900,5450,6950,150,3400,4100,7650.0,9750.0,3850.0,,,,,,,,,,,,,,,,,,
Semifinals,Ancient,FaZe Clan,karrigan,76561197989430253,Natus Vincere,800,3750,1400,2050,4500,3100,3750,4500,5600,3550,5450,4450,0,3850,3550,5700.0,3900.0,3900.0,,,,,,,,,,,,,,,,,,
Semifinals,Ancient,Natus Vincere,Aleksib,76561198013243326,FaZe Clan,800,2900,3550,5750,7800,10600,9200,10750,13950,15250,12050,10700,800,2400,2500,5150.0,4050.0,4950.0,,,,,,,,,,,,,,,,,,
Semifinals,Ancient,Natus Vincere,b1t,76561198246607476,FaZe Clan,800,2650,4350,4550,7200,10000,12700,15750,14750,13150,13350,11500,150,2550,2450,5100.0,4150.0,5350.0,,,,,,,,,,,,,,,,,,
Semifinals,Ancient,Natus Vincere,iM,76561198050250233,FaZe Clan,800,3550,3850,6250,8900,12100,14600,13600,15850,15700,12200,10950,150,2250,2900,5450.0,4600.0,4200.0,,,,,,,,,,,,,,,,,,
Semifinals,Ancient,Natus Vincere,makazze,76561199076189612,FaZe Clan,800,2650,3950,6250,4900,4400,7600,10750,12700,14450,14200,12950,150,2550,2450,5400.0,4350.0,4250.0,,,,,,,,,,,,,,,,,,
Semifinals,Ancient,Natus Vincere,w0nderful,76561199063068840,FaZe Clan,800,2800,4100,6500,8650,11750,14450,16000,16000,16000,10050,6050,0,2400,3000,5950.0,3900.0,3700.0,,,,,,,,,,,,,,,,,,
Semifinals,Dust2,Team Spirit,chopper,76561198045898864,Team Vitality,800,1900,4100,3100,5100,4100,6700,5400,4400,4700,6700,4850,0,3800,4150,1750.0,1950.0,3750.0,3000.0,5050.0,3550.0,,,,,,,,,,,,,,,
Semifinals,Dust2,Team Spirit,donk,76561198386265483,Team Vitality,800,2050,4350,3050,4450,3550,6150,7800,6700,7000,5700,4950,150,4250,3550,4050.0,2100.0,3550.0,3900.0,6050.0,3550.0,,,,,,,,,,,,,,,
Semifinals,Dust2,Team Spirit,sh1ro,76561198081484775,Team Vitality,800,2050,4450,2950,6350,3700,6500,10000,12400,12800,9850,5750,150,3950,4150,4950.0,1950.0,4350.0,2950.0,5850.0,3650.0,,,,,,,,,,,,,,,
Semifinals,Dust2,Team Spirit,tN1R,76561198872013168,Team Vitality,800,2050,4400,3200,5250,4850,5150,6850,9850,7850,3850,5300,0,3500,4150,4750.0,2250.0,4450.0,3200.0,4950.0,3600.0,,,,,,,,,,,,,,,
Semifinals,Dust2,Team Spirit,zweih,76561198210626739,Team Vitality,800,2000,4400,2900,4950,3550,5750,5650,8250,8050,6950,6100,150,3950,3550,3450.0,2000.0,4400.0,3000.0,5050.0,3700.0,,,,,,,,,,,,,,,
Semifinals,Dust2,Team Vitality,ZywOo,76561198113666193,Team Spirit,800,4550,3650,7050,9850,4250,5050,2650,5300,3650,3850,5350,150,2350,4750,3450.0,3850.0,6250.0,9300.0,12050.0,15350.0,,,,,,,,,,,,,,,
Semifinals,Dust2,Team Vitality,apEX,76561197989744167,Team Spirit,800,3500,4150,4250,8150,7650,4800,2550,5500,4650,3050,4050,100,2000,2700,3950.0,3850.0,5250.0,9100.0,12150.0,15350.0,,,,,,,,,,,,,,,
Semifinals,Dust2,Team Vitality,flameZ,76561197978835160,Team Spirit,800,3950,3500,5700,9100,6350,3500,2800,5250,4200,2650,4800,150,2050,4400,3250.0,4600.0,7050.0,9900.0,12350.0,11450.0,,,,,,,,,,,,,,,
Semifinals,Dust2,Team Vitality,mezii,76561197973140692,Team Spirit,800,3650,4200,6000,3900,4650,2000,2550,5000,3650,3550,4600,100,2000,4400,3550.0,4950.0,7950.0,11200.0,13650.0,12650.0,,,,,,,,,,,,,,,
Semifinals,Dust2,Team Vitality,ropz,76561197991272318,Team Spirit,800,3950,3900,3550,5600,6050,3200,3850,3250,4350,3850,4200,150,2050,4150,3700.0,3800.0,6300.0,9250.0,7600.0,9900.0,,,,,,,,,,,,,,,
Semifinals,Inferno,FaZe Clan,Twistzz,76561198016255205,Natus Vincere,800,3900,4150,3950,5650,5500,3600,6350,8850,11350,11400,8400,150,3250,4000,3500.0,4200.0,4150.0,2250.0,2850.0,6600.0,,,,,,,,,,,,,,,
Semifinals,Inferno,FaZe Clan,broky,76561198201620490,Natus Vincere,800,4200,4350,3650,4750,3700,3850,5050,7250,9750,10000,4250,100,3500,4700,3900.0,5000.0,3750.0,3950.0,3150.0,6000.0,,,,,,,,,,,,,,,
Semifinals,Inferno,FaZe Clan,frozen,76561198068422762,Natus Vincere,800,4200,4200,5000,8100,4500,3650,5350,7850,10550,6300,6000,150,2650,5050,3650.0,3350.0,4200.0,2600.0,2600.0,5850.0,,,,,,,,,,,,,,,
Semifinals,Inferno,FaZe Clan,jcobbb,76561198178737429,Natus Vincere,800,4500,3750,6450,4900,4050,4100,5900,9200,12000,12350,10050,150,2650,4350,3850.0,2350.0,3400.0,3500.0,2650.0,5400.0,,,,,,,,,,,,,,,
Semifinals,Inferno,FaZe Clan,karrigan,76561197989430253,Natus Vincere,800,4350,4350,5850,5250,2900,4100,5550,8350,10550,10800,7400,0,2500,4400,3800.0,4600.0,3550.0,2900.0,2800.0,5750.0,,,,,,,,,,,,,,,
Semifinals,Inferno,Natus Vincere,Aleksib,76561198013243326,FaZe Clan,800,2600,3050,4100,200,3550,3050,4700,3500,4900,3800,4850,100,4450,4100,2650.0,5750.0,1850.0,3750.0,5500.0,1650.0,,,,,,,,,,,,,,,
Semifinals,Inferno,Natus Vincere,b1t,76561198246607476,FaZe Clan,800,2650,3550,4650,350,4800,3800,4400,3400,4800,3800,4650,150,4200,3500,3950.0,5450.0,2300.0,4700.0,4550.0,2550.0,,,,,,,,,,,,,,,
Semifinals,Inferno,Natus Vincere,iM,76561198050250233,FaZe Clan,800,2650,3350,4900,3400,3250,3750,4950,3550,5450,4150,4200,0,3750,3500,3950.0,4050.0,4100.0,4100.0,4950.0,4450.0,,,,,,,,,,,,,,,
Semifinals,Inferno,Natus Vincere,makazze,76561199076189612,FaZe Clan,800,3250,3000,4450,3450,3300,3050,4700,3400,5000,4500,3850,150,4500,4150,1900.0,3600.0,4350.0,4350.0,4500.0,4000.0,,,,,,,,,,,,,,,
Semifinals,Inferno,Natus Vincere,w0nderful,76561199063068840,FaZe Clan,800,2600,3500,5650,4550,3500,4000,6300,4600,4100,3700,4450,150,4200,3800,4250.0,3850.0,2200.0,4350.0,3900.0,2500.0,,,,,,,,,,,,,,,
Semifinals,Mirage,Team Spirit,chopper,76561198045898864,Team Vitality,0,3750,3500,3900,6450,7650,5500,4100,4650,1950,4750,2800,100,3350,5400,5500.0,4500.0,2000.0,3800.0,1400.0,3300.0,2400.0,4700.0,3500.0,10000.0,8150.0,6350.0,10000.0,7700.0,7650.0,10000.0,7200.0,10200.0,10000.0,8350.0,4950.0
Semifinals,Mirage,Team Spirit,donk,76561198386265483,Team Vitality,150,4800,4200,6000,7450,11250,10400,5700,5150,2100,4200,1850,150,3400,3950,6300.0,3100.0,900.0,4400.0,2200.0,4100.0,2800.0,4350.0,350.0,10000.0,8950.0,7850.0,4400.0,8800.0,4700.0,10000.0,7100.0,5550.0,10000.0,8950.0,9150.0
Semifinals,Mirage,Team Spirit,sh1ro,76561198081484775,Team Vitality,150,4800,3750,5150,7300,11400,10750,7850,7450,5700,5500,6650,150,3700,4450,6900.0,2850.0,50.0,3550.0,2850.0,4750.0,2850.0,4650.0,3750.0,10000.0,6400.0,8200.0,5250.0,6850.0,5700.0,5250.0,6050.0,3800.0,9000.0,6800.0,7400.0
Semifinals,Mirage,Team Spirit,tN1R,76561198872013168,Team Vitality,0,3750,3500,5300,7050,10750,8400,7050,4550,4550,3800,2950,0,3550,3550,4000.0,4200.0,600.0,4100.0,1500.0,3400.0,2500.0,4600.0,900.0,10000.0,9550.0,7500.0,10000.0,8650.0,8350.0,10000.0,5700.0,4900.0,10000.0,8650.0,6050.0
Semifinals,Mirage,Team Spirit,zweih,76561198210626739,Team Vitality,150,3900,3850,6450,8700,8500,4450,5950,6400,2850,4350,3600,150,4600,3500,4950.0,5650.0,2650.0,3550.0,2750.0,4650.0,2450.0,4550.0,3450.0,10000.0,8150.0,7050.0,6450.0,8350.0,4300.0,10000.0,6650.0,4600.0,10000.0,8150.0,4450.0
Semifinals,Mirage,Team Vitality,ZywOo,76561198113666193,Team Spirit,150,2950,2550,4750,2850,6550,3250,4050,6400,3550,4050,3750,150,2200,2500,5400.0,3900.0,5200.0,7250.0,3650.0,5950.0,9450.0,11950.0,12250.0,5250.0,6050.0,2650.0,4250.0,5050.0,3900.0,4250.0,6400.0,6400.0,10000.0,5000.0,3700.0
Semifinals,Mirage,Team Vitality,apEX,76561197989744167,Team Spirit,100,2600,2700,4900,1500,4900,3350,2950,4450,5850,6350,3600,150,2200,2900,4750.0,3900.0,2800.0,4850.0,3800.0,6350.0,9750.0,8550.0,11250.0,7100.0,7250.0,4800.0,7300.0,7100.0,5050.0,10000.0,8750.0,6100.0,10000.0,7200.0,4300.0
Semifinals,Mirage,Team Vitality,flameZ,76561197978835160,Team Spirit,150,2650,2550,5050,3650,5150,3600,4100,5300,4200,4200,3800,150,2200,2500,4800.0,4150.0,1350.0,3700.0,4600.0,6600.0,8900.0,6600.0,8500.0,10000.0,7250.0,4550.0,10000.0,7300.0,3600.0,10000.0,8350.0,5850.0,10000.0,6800.0,5150.0
Semifinals,Mirage,Team Vitality,mezii,76561197973140692,Team Spirit,150,3550,2400,4600,3600,5750,5100,4100,4800,7500,5800,4800,100,2750,2650,4950.0,3550.0,5550.0,6800.0,5000.0,6700.0,8900.0,11900.0,14900.0,10000.0,6500.0,3750.0,10000.0,7000.0,5750.0,10000.0,8450.0,5650.0,10000.0,7100.0,5300.0
Semifinals,Mirage,Team Vitality,ropz,76561197991272318,Team Spirit,800,2650,2400,4600,0,3400,4250,4350,4750,3950,4950,3850,150,2500,3350,6350.0,3500.0,4700.0,2350.0,4750.0,4950.0,7650.0,8700.0,6850.0,10000.0,7450.0,5300.0,10000.0,7400.0,6150.0,10000.0,9250.0,6950.0,10000.0,7050.0,6350.0
Semifinals,Nuke,FaZe Clan,Twistzz,76561198016255205,Natus Vincere,800,1900,2500,5000,4000,4300,6600,2850,5350,3950,5700,5350,150,3650,4800,3650.0,3850.0,2150.0,4400.0,4100.0,2800.0,4000.0,5100.0,3900.0,,,,,,,,,,,,
Semifinals,Nuke,FaZe Clan,broky,76561198201620490,Natus Vincere,800,2050,2400,4600,3800,6400,3150,3450,4650,3650,5050,3800,150,4250,4150,6650.0,2950.0,2350.0,4050.0,3750.0,1450.0,4100.0,3850.0,3600.0,,,,,,,,,,,,
Semifinals,Nuke,FaZe Clan,frozen,76561198068422762,Natus Vincere,800,2050,2550,5150,3850,6150,8350,3150,5350,4150,5750,4100,150,3650,3600,5950.0,1850.0,2100.0,5650.0,5050.0,1550.0,4100.0,3600.0,4500.0,,,,,,,,,,,,
Semifinals,Nuke,FaZe Clan,jcobbb,76561198178737429,Natus Vincere,800,2050,2450,4950,3650,6450,4050,2400,4900,3400,5150,3300,150,3950,3500,4300.0,5000.0,2050.0,3750.0,5100.0,1500.0,4000.0,4800.0,3600.0,,,,,,,,,,,,
Semifinals,Nuke,FaZe Clan,karrigan,76561197989430253,Natus Vincere,800,1900,2450,5350,4250,6250,3950,2450,4650,3750,5500,4250,0,4100,3850,4250.0,5450.0,2050.0,3750.0,3750.0,2450.0,4100.0,4000.0,4500.0,,,,,,,,,,,,
Semifinals,Nuke,Natus Vincere,Aleksib,76561198013243326,FaZe Clan,800,3500,4350,7350,3250,5200,4050,4250,7750,3750,4850,4050,100,2000,4700,3300.0,5650.0,5400.0,2550.0,3450.0,5100.0,3050.0,3350.0,4600.0,,,,,,,,,,,,
Semifinals,Nuke,Natus Vincere,b1t,76561198246607476,FaZe Clan,800,3650,4500,6700,7350,5700,4700,3850,7450,6050,7850,6150,800,2050,4050,2950.0,4800.0,6100.0,6400.0,5100.0,5200.0,5900.0,3700.0,4600.0,,,,,,,,,,,,
Semifinals,Nuke,Natus Vincere,iM,76561198050250233,FaZe Clan,800,4850,3650,6150,2400,2150,5000,4100,5600,6400,9100,5500,150,2350,4050,2950.0,5600.0,7200.0,5400.0,3500.0,5200.0,6500.0,2400.0,3450.0,,,,,,,,,,,,
Semifinals,Nuke,Natus Vincere,makazze,76561199076189612,FaZe Clan,800,3950,3550,5750,4900,4650,3750,4750,4850,6650,6550,7450,150,2050,4450,350.0,3850.0,5750.0,7650.0,3050.0,5400.0,6100.0,3600.0,3400.0,,,,,,,,,,,,
Semifinals,Nuke,Natus Vincere,w0nderful,76561199063068840,FaZe Clan,800,3650,3900,7000,8050,6200,6050,6950,8850,6950,5750,6750,150,2650,4350,3050.0,6000.0,5400.0,7300.0,6000.0,5500.0,5800.0,4000.0,4450.0,,,,,,,,,,,,
